Time,residuals
0.0,0.029567276939175435
1.0,0.3275181709173915
2.0,-0.029163940381491116
3.0,-0.19829838830651908
4.0,0.47287855027162856
5.0,0.06772032550691537
6.0,0.07507897809450492
7.0,0.06017994314587344
8.0,-0.1332937976450949
9.0,-0.12333940248916889
10.0,0.1842712761174769
11.0,0.0382185803267423
12.0,-0.1451502077199235
13.0,-0.1481107394407506
14.0,0.3009948638230545
15.0,-0.14493096206376727
16.0,-0.14873128503042138
17.0,-0.01995436267268591
18.0,0.5881719120971467
19.0,-0.19082994175127793
20.0,0.5673282679861507
21.0,-0.09539162523042113
22.0,-0.002499125327757201
23.0,0.004641504588429879
24.0,0.029911414626609067
25.0,0.06897800687040112
26.0,0.6636053090335009
27.0,-0.20246374318385305
28.0,0.02900529328166712
29.0,-0.196818799125607
30.0,-0.04992700530566868
31.0,-0.09043306805606172
32.0,0.2592622172226898
33.0,0.17562562387829078
34.0,-0.1863254565662467
35.0,-0.09155908228803358
36.0,0.18242984407917995
37.0,-0.0731784278886638
38.0,-0.10989761208324159
39.0,-0.12748120213632425
40.0,-0.14276314006093638
41.0,-0.036583434583593366
42.0,-0.14379066572878496
43.0,0.427516678811341
44.0,-0.20552152247509384
45.0,-0.05538929128952763
46.0,0.07269544861672816
47.0,0.3004347723328742
48.0,-0.20430292024179814
49.0,-0.1949420528666459
50.0,-0.07406839361284204
51.0,-0.11274129891622142
52.0,-0.1406923392441846
53.0,-0.12207163040226332
54.0,0.01185907146913856
55.0,-0.04070442805130542
56.0,0.02635162283857978
57.0,0.08149035017590395
58.0,-0.12093284014151467
59.0,-0.04552229430250282
60.0,0.34439632728172026
61.0,-0.15527912550030085
62.0,0.14134593807077622
63.0,0.08961336745491821
64.0,-0.06892672108025538
65.0,0.18355180572860336
66.0,0.0005507104765160586
67.0,0.04839209156809515
68.0,-0.11398357916666779
69.0,-0.15202216810971347
70.0,-0.2055014993590934
71.0,0.40025759902693747
72.0,0.09147384134907538
73.0,0.14627386023134287
74.0,0.02860782116229904
75.0,-0.018210039085505614
76.0,-0.1400499107193737
77.0,0.04491020997273465
78.0,-0.08313131232439278
79.0,0.03562526094710505
80.0,0.31848422240725777
81.0,-0.0073889712373777505
82.0,-0.03448647363612284
83.0,-0.10286567954891226
84.0,0.13668206255410076
85.0,0.1601773814483216
86.0,-0.0014755102107104623
87.0,-0.1373852068744945
88.0,0.04843386778931258
89.0,-0.026550260812412907
90.0,0.034172347553083904
91.0,0.14125231979424213
92.0,-0.12260352576570113
93.0,0.012997943821077773
94.0,-0.025839017089131444
95.0,0.3711220971621699
96.0,0.19238143127918622
97.0,-0.17760240320607812
98.0,0.04323960860240822
99.0,0.08418615381662231
100.0,0.4717709851375426
101.0,-0.12661102029751184
102.0,0.10453056116117604
103.0,-0.11659994534305496
104.0,-0.13606109321836946
105.0,-0.1857736065182796
106.0,-0.1801104761719306
107.0,-0.19856075280292584
108.0,0.30345979247951893
109.0,0.16795795396395735
110.0,0.2041589730783755
111.0,-0.07071014872205683
112.0,-0.09148470423379257
113.0,0.21809168272766555
114.0,0.33425717582729175
115.0,0.028962500416389314
116.0,-0.053742127822923924
117.0,0.3659772181384167
118.0,0.2050581114574102
119.0,-0.09667203718390083
120.0,-0.028581391497170927
121.0,-0.13344215452423974
122.0,-0.21063445099120653
123.0,-0.11421892026545905
124.0,-0.14465458628580197
125.0,0.34182624988978094
126.0,0.18391256806319917
127.0,0.431767264082367
128.0,0.17661331380520834
129.0,0.10559259826280448
130.0,0.03046988409108098
131.0,-0.021097274890356454
132.0,0.04678745009870783
133.0,0.17404348982803763
134.0,0.0995015102394699
135.0,-0.1987077765968059
136.0,-0.06491455928832812
137.0,-0.11953636180230867
138.0,-0.1412683558454318
139.0,0.13183738377645693
140.0,-0.12156314302252946
141.0,0.07800333983003999
142.0,0.28257615521105633
143.0,-0.11915263857553965
144.0,-0.10487994404784276
145.0,-0.006644513958502463
146.0,0.07092267675033692
147.0,0.003592664565017223
148.0,-0.11212592536979221
149.0,0.4612442985369756
150.0,-0.13788225101205467
151.0,0.2599204931365464
152.0,0.009734347343174576
153.0,-0.020332942667280696
154.0,0.1848818380291153
155.0,0.08716514409755566
156.0,0.4780774490562639
157.0,-0.15061483868915113
158.0,-0.06080151283900498
159.0,-0.04014101278301169
160.0,-0.08635705190808657
161.0,-0.17914122521488085
162.0,0.4051822678568628
163.0,-0.15598381165620864
164.0,0.044447532243331034
165.0,-0.20830575948377986
166.0,0.005947025244907256
167.0,-0.18578723857923832
168.0,-0.11737718579954828
169.0,0.32792897838476437
170.0,-0.1144251905768345
171.0,0.059367982570664724
172.0,-0.16456383857013296
173.0,0.25290103588950563
174.0,-0.08783596360732862
175.0,0.015980758640379733
176.0,-0.11139118394782083
177.0,-0.1498772844772599
178.0,0.20095428524055486
179.0,-0.141406909079478
180.0,0.17955448852410044
181.0,-0.1716686239602445
182.0,-0.15590527084117228
183.0,0.1627867616778128
184.0,-0.14265732436674042
185.0,-0.1983905825497025
186.0,0.20403847975066358
187.0,-0.15904759401393617
188.0,-0.0396771978123604
189.0,-0.10920159249583392
190.0,0.27834868009050157
191.0,0.027033377192377084
192.0,-0.1784676573141233
193.0,-0.16084522581996544
194.0,0.3208146260111089
195.0,0.11848081103234331
196.0,-0.06655870511618711
197.0,0.056742201058416375
198.0,-0.1739887462421925
199.0,-0.014769790863542465
200.0,-0.19359354434497866
201.0,-0.10594833593148734
202.0,0.03584079010548491
203.0,-0.18767432796569553
204.0,0.12301683424300919
205.0,0.12539531463648762
206.0,-0.02282589630970633
207.0,0.3130636745331862
208.0,-0.19389549089499936
209.0,0.02626666663176469
210.0,-0.1583375394262107
211.0,-0.14225013755089805
212.0,0.22146064681566086
213.0,-0.13117309370361077
214.0,-0.07220107167894863
215.0,-0.1992881535893769
216.0,-0.12490317197080808
217.0,0.3717155832034548
218.0,-0.19819159702230638
219.0,-0.010806961278098548
220.0,-0.11567361908365059
221.0,-0.032478634757427516
222.0,-0.18209013551811984
223.0,-0.1351660127829777
224.0,-0.07734812637556143
225.0,0.22568794426273597
226.0,0.13717042844922772
227.0,-0.15924190203481625
228.0,0.15438455242833188
229.0,0.07663004576719362
230.0,0.22078901507888282
231.0,-0.050750499402154425
232.0,-0.1058064214709871
233.0,-0.07324432034864406
234.0,0.3206963463154273
235.0,-0.1124556743419605
236.0,0.1162987094830999
237.0,0.16537434909502774
238.0,-0.1765205065098625
239.0,-0.14222592257242517
240.0,-0.0957908764013505
241.0,-0.039989884485122695
242.0,0.1317163408911321
243.0,-0.1542217822320964
244.0,0.5011642730981121
245.0,-0.16996886427261904
246.0,-0.023963127566349496
247.0,0.11860831056325938
248.0,-0.002619011556304729
249.0,-0.09510359110885147
250.0,-0.13569414610743308
251.0,0.30873775024188876
252.0,0.15003240588489036
253.0,0.037486976981759124
254.0,-0.15476789134294172
255.0,-0.028579786789859174
256.0,0.11409596579883624
257.0,0.2670887412681521
258.0,0.039133599755231896
259.0,-0.11575172161399669
260.0,-0.0798639716717357
261.0,-0.13891866832629404
262.0,0.019180679626440933
263.0,-0.09103224017557404
264.0,-0.10204429443077612
265.0,0.11161025698829835
266.0,0.08890864916180796
267.0,0.18231239230047697
268.0,-0.11408571109199875
269.0,0.09572908464348012
270.0,-0.08885173729056955
271.0,0.12401577950008275
272.0,0.10142758132839447
273.0,-0.08144109505785307
274.0,-0.11709873832586559
275.0,0.02230189377800884
276.0,0.10964220402296326
277.0,0.2969086540089784
278.0,-0.03297756015735537
279.0,-0.1700801683647874
280.0,0.40947677805057914
281.0,-0.20426547508275128
282.0,-0.10746856496839702
283.0,-0.07485046790782493
284.0,-0.042517943264447244
285.0,-0.17815173379096072
286.0,0.4898234029775508
287.0,0.03838467065972567
288.0,-0.14797937857269805
289.0,-0.10292374263539625
290.0,-0.013761988586504681
291.0,-0.05311571134067511
292.0,-0.18586207705786073
293.0,-0.04940786681104398
294.0,0.36358375277071897
295.0,0.40604086470334627
296.0,-0.17562905208188143
297.0,-0.1330268599107864
298.0,-0.10089369828332923
299.0,-0.11733988248615651
300.0,-0.09613827164274899
301.0,0.040759343598075926
302.0,0.04100058288551467
303.0,-0.17347358698995222
304.0,0.21363798196725958
305.0,-0.046032639987568735
306.0,0.05122798149561514
307.0,0.3246896424462629
308.0,0.598468944812452
309.0,0.09756474800567333
310.0,0.2655531653758547
311.0,0.5128540132527605
312.0,-0.069172160989592
313.0,0.09019459267705698
314.0,0.7731082696008581
315.0,0.4637665371898806
316.0,-0.1602211441035856
317.0,-0.1813910677869371
318.0,0.08368670362387526
319.0,0.38606705152206405
320.0,0.3324063605712656
321.0,0.08116920946323469
322.0,-0.16411923212297022
323.0,-0.1917913067175427
324.0,0.22783057792792571
325.0,-0.1756468048454556
326.0,0.06401979972143157
327.0,0.22442228662612496
328.0,0.3140398905630327
329.0,0.3694794695973414
330.0,-0.06698619610220174
331.0,0.36214450622047595
332.0,-0.06680392355226045
333.0,-0.13586123192014268
334.0,0.5721983705893867
335.0,-0.18932923628477452
336.0,0.44940225383836585
337.0,-0.15360310416208328
338.0,0.0025856260962816013
339.0,0.5312006589475347
340.0,-0.013302604952970143
341.0,-0.0779983356815167
342.0,-0.07481577077622209
343.0,-0.18903272001130195
344.0,-0.1772964028372309
345.0,-0.18385334317873306
346.0,-0.02932688105725939
347.0,-0.14249405647024077
348.0,-0.054777553120003375
349.0,-0.18995635739964528
350.0,0.22428698807016906
351.0,-0.10942545432353173
352.0,-0.015717107980442624
353.0,0.15867579717587643
354.0,-0.10101423479519295
355.0,-0.0446203678213406
356.0,0.16066715477020366
357.0,-0.12186819473765761
358.0,-0.15322235092612307
359.0,-0.211158411943809
360.0,-0.10318086592144399
361.0,0.3881236411737964
362.0,0.35617894034627645
363.0,-0.1413426250784267
364.0,-0.18993202306355547
365.0,-0.005502514569445172
366.0,-0.11887247834238349
367.0,0.3648872904565612
368.0,0.027397939828056217
369.0,0.12928390513277233
370.0,0.24717052353000957
371.0,-0.03921256548382451
372.0,0.19565688403441378
373.0,0.23287014887470342
374.0,-0.04511333827619474
375.0,-0.028852774810621318
376.0,-0.08469096314115407
377.0,0.6797943733276033
378.0,-0.14068354074270342
379.0,0.13896348126118474
380.0,-0.16324189112325704
381.0,0.22286298089295015
382.0,-0.015259067409499671
383.0,-0.11014043927205766
384.0,0.2358638787856291
385.0,-0.13887251814890816
386.0,-0.0835005451322205
387.0,-0.1835210907948627
388.0,0.10542886870764162
389.0,0.14837008349535868
390.0,-0.19644490724430932
391.0,0.007866144799687336
392.0,0.34710737602482356
393.0,-0.10323085923138561
394.0,-0.10335678319177072
395.0,0.040729025959030885
396.0,0.08150025051560733
397.0,-0.08822077566530961
398.0,-0.1041668051313443
399.0,-0.13604857948195093
400.0,-0.09672146685337887
401.0,-0.10859119511431814
402.0,-0.1378152747913088
403.0,0.37311932360577177
404.0,-0.1737509122336733
405.0,0.42954507371558526
406.0,-0.006748312778652288
407.0,0.31348120979559757
408.0,-0.18097966649908978
409.0,0.3197585183170086
410.0,0.02043522290841221
411.0,-0.1750357370632443
412.0,-0.18192325847096877
413.0,-0.1865488971010422
414.0,-0.1418447985047808
415.0,-0.04030030071504015
416.0,0.3060637712248061
417.0,-0.06153192732703683
418.0,0.019090233418461833
419.0,0.10680865136536927
420.0,-0.039453383113360274
421.0,-0.10278168906535437
422.0,-0.1775665674154178
423.0,0.25731469322382683
424.0,0.03251290800449391
425.0,0.533604668595618
426.0,-0.008442275718156922
427.0,-0.07595604316649668
428.0,0.5775785483096119
429.0,-0.13619059310341414
430.0,0.7409558888962624
431.0,-0.10331580272333585
432.0,0.036787863416842204
433.0,0.09824676739497112
434.0,-0.05459941071180363
435.0,-0.04220112257568004
436.0,0.38076515334112343
437.0,0.11473716200063983
438.0,-0.176183053957955
439.0,0.14821192077872714
440.0,0.30629630983772876
441.0,-0.15009028549868383
442.0,0.0004217978563886837
443.0,0.05978898180131287
444.0,-0.11721378476438579
445.0,0.29973446463783365
446.0,-0.17613305168943277
447.0,-0.05421906925777514
448.0,0.003521800753162607
449.0,-0.013174764396444716
450.0,-0.1292390493222333
451.0,-0.05657424036060493
452.0,-0.15568533328513895
453.0,-0.048014909324280874
454.0,0.020068164451695736
455.0,0.5383037565269617
456.0,0.12891016794985388
457.0,-0.18897882475899386
458.0,0.45945619450947456
459.0,-0.00842142587126904
460.0,-0.01966607048581731
461.0,-0.14567001417852912
462.0,0.3485404968467697
463.0,-0.0968778287354912
464.0,0.060123051591300714
465.0,0.4407201530372686
466.0,0.324749747957908
467.0,-0.11226301451737777
468.0,-0.10452329435156646
469.0,0.02898462352442044
470.0,-0.12624701185574025
471.0,-0.15672736245890598
472.0,-0.02492923605691799
473.0,-0.021049873411290776
474.0,0.32322314437645017
475.0,0.019373246460992255
476.0,-0.07401102608516738
477.0,0.024645144126455354
478.0,0.08903525614046126
479.0,-0.03183423506696348
480.0,-0.10639971224589062
481.0,0.15077147790679668
482.0,-0.011514149043133803
483.0,-0.05774618712652593
484.0,-0.13301768724756688
485.0,-0.03244228128177118
486.0,0.3134186913643037
487.0,-0.05310270162490499
488.0,-0.0630111850071709
489.0,0.21072344333809168
490.0,-0.13917148086823247
491.0,0.1784064115085181
492.0,0.07437351483497451
493.0,-0.14476092035421212
494.0,-0.09821272444599793
495.0,-0.12271698970965483
496.0,0.14231025671114556
497.0,-0.15182471867959896
498.0,0.040477145179573404
499.0,-0.10395488593398253
500.0,0.010708652528919005
501.0,-0.057557037871033584
502.0,-0.13254146061720992
503.0,0.27687790419569364
504.0,-0.14037379959131796
505.0,0.25153256853393413
506.0,-0.19140928133197274
507.0,-0.06741579070043194
508.0,-0.1767031788510527
509.0,0.021517428760853496
510.0,0.020460082595089968
511.0,0.03686018966457194
512.0,-0.03691207006175201
513.0,-0.1031684708352168
514.0,0.013366432422093177
515.0,-0.1745731940860878
516.0,-0.009510501400526894
517.0,0.26377780388832217
518.0,-0.0071111181377405686
519.0,-0.07267384505685776
520.0,0.20697653821563644
521.0,-0.02935330375719636
522.0,-0.037739433794189314
523.0,-0.11068460913251199
524.0,-0.0613048353757609
525.0,0.0912819700990925
526.0,-0.058756576107619224
527.0,0.47617054042713114
528.0,-0.13839226888773215
529.0,-0.10084589312571857
530.0,0.27059933463384517
531.0,-0.16437523062888615
532.0,-0.16049421545137316
533.0,-0.055572233259781695
534.0,-0.08433053583299777
535.0,-0.10815127462037424
536.0,-0.07545635815030508
537.0,0.21465073433895376
538.0,0.08593228928371277
539.0,-0.18213874833185456
540.0,-0.09478175921127782
541.0,-0.1590253577616419
542.0,0.24530875609275427
543.0,-0.15740872552456361
544.0,-0.15063550576860724
545.0,-0.0011066304984702069
546.0,0.2460327428318803
547.0,0.007252610575592011
548.0,0.019464959187933395
549.0,-0.16147884270960128
550.0,-0.07873556656007982
551.0,-0.04519640991344248
552.0,-0.20269209484726142
553.0,-0.10909464610090278
554.0,-0.009109346263006357
555.0,0.3067782709568038
556.0,-0.16278411438307624
557.0,-0.10045722015541461
558.0,-0.06448615237878491
559.0,0.02259888601905219
560.0,0.42556053062765203
561.0,0.14290637889646418
562.0,0.2463776948616087
563.0,-0.008825029709334409
564.0,0.08570600120217187
565.0,0.07301392667340312
566.0,0.3766225659688418
567.0,-0.1667906759672795
568.0,0.12460316682862743
569.0,-0.17334314644637072
570.0,-0.19476771896072687
571.0,-0.08396780156866782
572.0,0.12618256920361332
573.0,0.2705539420602219
574.0,-0.1943286582119298
575.0,-0.07549604600069607
576.0,-0.16549360223317747
577.0,-0.1601301316389904
578.0,0.6668632207736108
579.0,0.13122575774759493
580.0,-0.06078945096727503
581.0,-0.19575126627881986
582.0,0.24007193987933523
583.0,-0.01568738517729601
584.0,-0.036714994390020406
585.0,-0.05563755029304507
586.0,0.1111497023292044
587.0,-0.14475293195510386
588.0,0.046425944422814946
589.0,-0.19754277835747908
590.0,-0.17670142814254086
591.0,0.23561263449578584
592.0,-0.1996299424256814
593.0,0.042257589654538685
594.0,-0.08584833349041512
595.0,-0.10625047058522549
596.0,0.5694721079152893
597.0,0.09957429895783165
598.0,-0.014115744313885126
599.0,-0.1327447518115683
600.0,-0.18120812639358533
601.0,0.5014048705405671
602.0,0.4005130557973716
603.0,0.23492689729128774
604.0,0.6465592003355036
605.0,-0.09839423958589236
606.0,-0.012717495551445523
607.0,-0.027816832072424136
608.0,0.7068346350816941
609.0,0.0013035129805976098
610.0,0.18077889886229914
611.0,0.06046605685862322
612.0,0.3833539929246003
613.0,0.46697490752192394
614.0,0.2505561662836205
615.0,-0.1038566000996225
616.0,-0.16316915144640678
617.0,0.12232099345373543
618.0,0.19659406842654142
619.0,-0.10778929048133415
620.0,-0.0855479069495739
621.0,0.05754987754425611
622.0,-0.016632548484644627
623.0,0.1171539973327766
624.0,-0.19419901936933404
625.0,-0.053777066846346644
626.0,-0.146821764395692
627.0,0.184271372433973
628.0,0.26634650528702286
629.0,-0.08321992556422994
630.0,0.41719772903303476
631.0,-0.05651644574016751
632.0,0.11670615541559848
633.0,0.4179877508499491
634.0,-0.1264582674801689
635.0,0.29981630617130733
636.0,0.031774449553840955
637.0,-0.17664339865273268
638.0,-0.14453644627160608
639.0,-0.042156952183995844
640.0,-0.12456519170048413
641.0,-0.12005360385792957
642.0,0.20829590614702403
643.0,-0.06176974755093262
644.0,0.26714435578547147
645.0,-0.21238095660483114
646.0,-0.16484695837953073
647.0,-0.20570614116315777
648.0,-0.028466566203226906
649.0,-0.12151492947809384
650.0,-0.20884064541012293
651.0,0.19908698442575123
652.0,0.07440046765700692
653.0,0.017662921398746145
654.0,-0.05867129222279294
655.0,0.3164042378594937
656.0,0.12018513238978051
657.0,0.18662267946274136
658.0,-0.08918888580137344
659.0,0.1199903646482175
660.0,-0.18910195910162578
661.0,0.16986608123615615
662.0,-0.19369634328135818
663.0,-0.14988913162661072
664.0,0.18584800542836682
665.0,0.16897347193259188
666.0,-0.11277685314282535
667.0,-0.16378362706117947
668.0,-0.12326428216909915
669.0,-0.19052640437749252
670.0,0.2533649323538864
671.0,0.43766828961396104
672.0,0.03840399818793089
673.0,-0.19876575558795473
674.0,-0.192448841764519
675.0,-0.16832192650746677
676.0,-0.17881848847519213
677.0,-0.06353066887927411
678.0,0.20789720498052833
679.0,-0.007871029508620897
680.0,-0.10376339690918673
681.0,-0.11692939782235032
682.0,-0.09798571550118199
683.0,-0.1508562915827482
684.0,-0.08436021226223558
685.0,-0.10831335122692137
686.0,-0.20526898910498664
687.0,-0.04277730683160896
688.0,-0.14819429183786337
689.0,-0.030568328859785443
690.0,0.46206334068721217
691.0,-0.11547362554439863
692.0,0.08694129096395697
693.0,-0.13827655967923247
694.0,0.14638567113071488
695.0,-0.1413257944391464
696.0,0.11754027664248473
697.0,-0.08739965492322699
698.0,0.08731887911630515
699.0,0.019818025902197556
700.0,-0.18842317146551496
701.0,0.44321087265799036
702.0,-0.12846735459078978
703.0,0.15553257083277983
704.0,-0.15041284022401788
705.0,0.155857110630297
706.0,0.03135375083163566
707.0,0.4548941082557509
708.0,0.389174937390826
709.0,0.14495549375174238
710.0,-0.035993509667806345
711.0,-0.10694947734285723
712.0,0.1557680333818124
713.0,-0.11710697761842287
714.0,0.40879671842505305
715.0,-0.08795557585575833
716.0,-0.07755279616358352
717.0,-0.028578255009504006
718.0,0.16673369402685428
719.0,0.007029601098111071
720.0,0.09802987639843963
721.0,-0.1509761133306064
722.0,-0.08481288880577259
723.0,0.2884694765440933
724.0,-0.08789626828460809
725.0,0.1998351388520221
726.0,0.19233709604020588
727.0,0.034333064003039815
728.0,0.18117018436842885
729.0,0.1749321711997549
730.0,-0.0023701624894858497
731.0,0.027874011455700953
732.0,0.016064953321836994
733.0,-0.11473367983577173
734.0,-0.04771613041819556
735.0,0.21717028790929904
736.0,-0.18374189726133006
737.0,0.25405825182316377
738.0,-0.04907012256975957
739.0,0.12745109386849363
740.0,-0.21309246057889614
741.0,-0.057970858767170674
742.0,-0.15254297538861608
743.0,-0.20769270076241936
744.0,-0.06218483924138124
745.0,0.505448667632123
746.0,0.024901088261060855
747.0,0.10605784385503414
748.0,0.1094505288709145
749.0,0.016126679764607965
750.0,0.005986499651843502
751.0,-0.04890519444650787
752.0,-0.07616801662182696
753.0,0.23332887903558847
754.0,-0.05774281137333337
755.0,-0.12069696571238833
756.0,-0.06398327657511887
757.0,-0.07656961305658117
758.0,-0.05873704200353824
759.0,-0.09976087805060269
760.0,0.2942897359058698
761.0,0.12846038742295818
762.0,-0.07242362597340779
763.0,0.4159462431017324
764.0,0.3537039787866992
765.0,0.02590959512046792
766.0,-0.011580070649963414
767.0,-0.0667293058791808
768.0,0.4415725408128079
769.0,0.1570566322262975
770.0,-0.12463126810540198
771.0,-0.02383966685458072
772.0,-0.014701328076564435
773.0,0.06495475402244105
774.0,-0.08251513667839236
775.0,-0.12810410547113427
776.0,-0.1636076808334909
777.0,-0.19790119744508672
778.0,0.014750452361164568
779.0,0.1861668190364849
780.0,-0.012564162665411327
781.0,0.20175836149342713
782.0,-0.19866672314755957
783.0,-0.19560703010861313
784.0,-0.17321657245628783
785.0,-0.1139220255717229
786.0,-0.038566145928772944
787.0,0.23685130919445146
788.0,-0.2092092072207472
789.0,-0.2089481349550863
790.0,-0.05558279777923947
791.0,-0.141986233845756
792.0,-0.1628546657004477
793.0,0.214105190356215
794.0,-0.10278330727527632
795.0,-0.21011637034120698
796.0,0.03754431995395602
797.0,-0.1623325608576487
798.0,-0.05942735551171263
799.0,-0.10614020037805127
800.0,-0.15268556024073385
801.0,-0.10095028092408015
802.0,0.11326721532474499
803.0,-0.07692275769768273
804.0,0.01181364634567561
805.0,-0.05384128367502333
806.0,0.6406248517544126
807.0,0.11809108937845864
808.0,0.30339477314963476
809.0,0.3107480755133714
810.0,-0.04452116916749982
811.0,0.20161563468413485
812.0,-0.014480318063004427
813.0,-0.1337049135372024
814.0,-0.013028440470872926
815.0,0.1770881068502982
816.0,-0.11449523954778007
817.0,0.32872354053505104
818.0,-0.20751548214552415
819.0,0.08219464895557432
820.0,-0.15055998851377517
821.0,0.06964478353209519
822.0,0.0653934927414852
823.0,-0.0951143417532411
824.0,0.02991630002206408
825.0,0.016184651290357843
826.0,-0.21611829555297507
827.0,-0.11198047710304943
828.0,0.3555118889289324
829.0,0.0023279880644148654
830.0,0.3662277196619773
831.0,0.1926912158932823
832.0,0.03401296349031785
833.0,0.518437474726293
834.0,0.1451693874939034
835.0,-0.19010747965039437
836.0,0.47100175668935634
837.0,-0.13870192367602177
838.0,-0.011219310716702902
839.0,-0.10878398736062575
840.0,0.23563981042924764
841.0,-0.17825864236984898
842.0,-0.10638979347671307
843.0,0.5890821075170993
844.0,-0.12657043271857019
845.0,0.11675590567148791
846.0,0.1583823022179231
847.0,-0.17780522159278714
848.0,0.12475977410242423
849.0,-0.04894759445979552
850.0,0.03503840877696546
851.0,-0.1736463910213735
852.0,0.07768304082812683
853.0,-0.1027761543236474
854.0,0.06142285940588005
855.0,0.023959362773541215
856.0,-0.113111890987805
857.0,0.014298434839181473
858.0,0.006780771579980749
859.0,0.020212340610363255
860.0,-0.059256878394128576
861.0,-0.1820991141899131
862.0,-0.007158432830836614
863.0,-0.12149226049261375
864.0,-0.03365349814309093
865.0,-0.00476816660120799
866.0,0.7525053070654731
867.0,-0.04971083302141016
868.0,0.10733234717436241
869.0,-0.06860893454972727
870.0,0.560104167085417
871.0,-0.19491665743475997
872.0,-0.10465466449004787
873.0,0.06802754599478822
874.0,0.5861424259959446
875.0,0.06006997603495762
876.0,-0.05637198231876678
877.0,0.3515704125147943
878.0,-0.11553213669657342
879.0,-0.18182789946995562
880.0,0.11105213821339993
881.0,0.010321045458321743
882.0,0.0681619412349192
883.0,0.48788018201527256
884.0,-0.1448046784495054
885.0,-0.14015519636417934
886.0,-0.2060611412627552
887.0,-0.04520675939947277
888.0,-0.10425239192271754
889.0,0.07078005869482162
890.0,-0.03436491742257236
891.0,0.013141624812489872
892.0,-0.04287924796740866
893.0,0.24949321029731625
894.0,-0.014957540009209791
895.0,-0.09066901067222138
896.0,0.032067754895966194
897.0,-0.16085649815064992
898.0,0.07673655760020243
899.0,0.3628308385831471
900.0,-0.031442302212933704
901.0,0.04069417380279494
902.0,-0.14395649976190372
903.0,0.32579049135947363
904.0,-0.10429111752187667
905.0,-0.1108824352227612
906.0,-0.08792598427368487
907.0,-0.1340534207050051
908.0,0.4055391072380907
909.0,-0.16880549134705808
910.0,-0.011648064630590593
911.0,-0.12498632021527639
912.0,0.15256941021123177
913.0,0.400418931603366
914.0,0.013690498595573863
915.0,-0.16891384359897055
916.0,0.0459545173659317
917.0,0.26119036191165745
918.0,-0.1386273827802755
919.0,-0.13177668732019684
920.0,-0.026954203926799813
921.0,0.3412127907869087
922.0,0.2766761365450695
923.0,0.22176388277899717
924.0,0.4801900393319528
925.0,0.25410988485882596
926.0,-0.04918181090959012
927.0,-0.02145723414417039
928.0,-0.16188601384161994
929.0,0.1522596835733867
930.0,-0.022866616094920134
931.0,0.004647537279847069
932.0,-0.031794380650182474
933.0,-0.023736588009860116
934.0,-0.03767162468309848
935.0,0.20862931963182751
936.0,-0.10871276649867534
937.0,0.12553813873468106
938.0,-0.15857263964232005
939.0,-0.08318583974045665
940.0,-0.15750535470300478
941.0,-0.050066277027889905
942.0,-0.030984645401951283
943.0,-0.12981437930803982
944.0,0.5418258947311019
945.0,0.2029822762010755
946.0,-0.14966707389500813
947.0,0.09360001142019647
948.0,-0.13638608387669418
949.0,-0.1744453957861718
950.0,-0.12333410870274461
951.0,0.1712143507252809
952.0,-0.16157802259097653
953.0,0.15128692670912341
954.0,-0.20449882777025308
955.0,-0.06627132349124154
956.0,0.010423480249001082
957.0,-0.0889468947905245
958.0,-0.1137988046525388
959.0,-0.12022045464496614
960.0,-0.060934786952898834
961.0,-0.021892846309402636
962.0,0.043551306720156335
963.0,0.07060520656724811
964.0,-0.1315517129544116
965.0,-0.17247029539376466
966.0,0.09812812261555459
967.0,0.060893513354937756
968.0,-0.0480287017895461
969.0,-0.10503639519161881
970.0,-0.1569754482205335
971.0,0.2427315062850387
972.0,-0.16631146328261806
973.0,-0.08457416814914481
974.0,0.30462320720148367
975.0,0.6291340157230021
976.0,0.19478002968226366
977.0,-0.09524459019779555
978.0,-0.17219255310679538
979.0,0.399138001841534
980.0,0.08790841521310933
981.0,-0.153606491305339
982.0,-0.16445539332771297
983.0,-0.09473674651315647
984.0,-0.051703298283254484
985.0,0.14914107235446866
986.0,-0.06539021041015897
987.0,-0.11644351711444839
988.0,-0.15872903968179847
989.0,0.5978674140419324
990.0,0.14405642242231792
991.0,-0.1697159133818097
992.0,-0.059474469208212144
993.0,0.23766889822689402
994.0,0.04911916710982267
995.0,0.7431181205694044
996.0,-0.029408710354627665
997.0,-0.08687652155934386
998.0,-0.19072487107678546
999.0,0.005698058106837378
1000.0,0.15022488086180896
1001.0,0.33340755575891856
1002.0,0.21551358756311728
1003.0,0.07995397809970428
1004.0,0.14250805812827994
1005.0,0.23008316489150205
1006.0,0.03657732559782523
1007.0,0.0034890105388420967
1008.0,-0.143342797122695
1009.0,-0.066743811756723
1010.0,-0.1961295089680271
1011.0,0.027198244638903912
1012.0,0.10313785307148876
1013.0,0.33453146708731707
1014.0,0.3570449822272149
1015.0,-0.19255917248005222
1016.0,-0.04524933280382282
1017.0,-0.07903469079488701
1018.0,0.09043378349043779
1019.0,0.07001696664328849
1020.0,-0.04374944461087771
1021.0,-0.1475966594997471
1022.0,0.676986807112829
1023.0,0.02467035976742815
1024.0,-0.19013701716200768
1025.0,-0.041057035359383154
1026.0,0.07721498519257702
1027.0,-0.16976041152571628
1028.0,-0.1454368818364019
1029.0,-0.07578779599574598
1030.0,-0.23259075091369869
1031.0,-0.12322574868468739
1032.0,0.169058370459308
1033.0,0.31871328184762215
1034.0,-0.16073223323957858
1035.0,0.2585340313399414
1036.0,-0.18174488872642244
1037.0,-0.06764106762882227
1038.0,-0.06798640536947048
1039.0,-0.031156118896131124
1040.0,0.16140890605189134
1041.0,-0.1454359949371628
1042.0,0.48881528540993113
1043.0,-0.04691213036688491
1044.0,0.1399189715954387
1045.0,0.045887872281915765
1046.0,-0.16072732250113095
1047.0,-0.009782152644424058
1048.0,-0.0954545641966894
1049.0,0.301978029466263
1050.0,-0.23115369863903507
1051.0,-0.20754768516025338
1052.0,-0.16722875407910753
1053.0,-0.038833268897218165
1054.0,-0.10173362427817423
1055.0,-0.21154200636306367
1056.0,0.37481341400581686
1057.0,-0.07885443452141272
1058.0,0.011975452871313519
1059.0,-0.08113005600423412
1060.0,0.007122342827672379
1061.0,0.09320828918044444
1062.0,0.054840927304593
1063.0,-0.20743686166051215
1064.0,-0.20145331771693012
1065.0,0.16227136189981056
1066.0,0.4059696320379939
1067.0,0.32608126187830855
1068.0,-0.12007385334752196
1069.0,0.21315896131225093
1070.0,-0.15500339616955647
1071.0,0.26669941691599547
1072.0,0.044919933448176186
1073.0,-0.14020053507076777
1074.0,0.025171521407480135
1075.0,0.078658447740997
1076.0,0.053113226824582194
1077.0,-0.007895506409601072
1078.0,-0.1385432290688744
1079.0,-0.11749698393037095
1080.0,-0.17399752268562613
1081.0,-0.20151308211135263
1082.0,0.17826586877349315
1083.0,-0.1711652788254957
1084.0,-0.027909563259957304
1085.0,0.6021090032584548
1086.0,-0.12195374414098833
1087.0,0.25517812065881684
1088.0,0.19319742682299978
1089.0,-0.009150700472860596
1090.0,-0.08032984824844142
1091.0,0.19851515987869334
1092.0,-0.06275466080546094
1093.0,-0.03787681015138289
1094.0,-0.030218293106208105
1095.0,0.04916225679977554
1096.0,0.2797493980161528
1097.0,0.0010005058116214216
1098.0,-0.10382043219426135
1099.0,-0.08964093084133457
1100.0,-0.012109384806546442
1101.0,-0.03896575465835783
1102.0,-0.006184048028784639
1103.0,-0.10268558003294467
1104.0,0.17167741050879626
1105.0,0.24692731712896465
1106.0,-0.2248591668541896
1107.0,0.041125454168608966
1108.0,-0.13050059193450403
1109.0,-0.07295530260440414
1110.0,0.10183762913934713
1111.0,0.22405468406078305
1112.0,0.23209249293504797
1113.0,0.1182650705152602
1114.0,0.41581765244482144
1115.0,-0.10212719157426525
1116.0,-0.2020078005734662
1117.0,0.47995671226498626
1118.0,0.1136138923544674
1119.0,0.2568471493944859
1120.0,0.0754383210066184
1121.0,0.18326521384819083
1122.0,0.18202119874515094
1123.0,-0.176086709764642
1124.0,-0.13270976115826616
1125.0,-0.15293193190518706
1126.0,0.032893331638477186
1127.0,0.35955887246576446
1128.0,-0.1088342763116637
1129.0,-0.23034750691352968
1130.0,-0.0752120314839052
1131.0,0.060700090378639826
1132.0,-0.09336661240881788
1133.0,0.26367433641874227
1134.0,0.23316870427332737
1135.0,0.4540873115672063
1136.0,-0.1659406838738343
1137.0,0.04454926670115178
1138.0,-0.11427054050435595
1139.0,-0.04010067729945177
1140.0,0.1125283052240783
1141.0,-0.17548336937058853
1142.0,0.0027608878139061543
1143.0,-0.049815985674253604
1144.0,-0.14315632833380096
1145.0,0.017124561976195662
1146.0,-0.1915898385996645
1147.0,0.33047252507247027
1148.0,-0.16565080560074874
1149.0,-0.14328443337587085
1150.0,-0.14633001788062694
1151.0,-0.14219785677439728
1152.0,0.3125068714261336
1153.0,-0.06625321474847629
1154.0,-0.04975365637563689
1155.0,-0.05623482553294995
1156.0,-0.04041866044758685
1157.0,-0.0030579217564020156
1158.0,0.02350166185718111
1159.0,0.019301616143843014
1160.0,-0.24176532855862626
1161.0,-0.15578192923589204
1162.0,-0.0055851698451050424
1163.0,-0.21689094301252404
1164.0,-0.025879123736373244
1165.0,-0.21121911818836955
1166.0,0.10521833339770681
1167.0,0.4929988591479526
1168.0,-0.12747329863762835
1169.0,-0.22590315272233033
1170.0,-0.1954504812237758
1171.0,0.21153575090808824
1172.0,-0.020306847951343354
1173.0,0.17614055313510807
1174.0,0.21055908823260355
1175.0,0.05676647512620003
1176.0,0.09836882045242329
1177.0,-0.19218455734260576
1178.0,0.0601034307901242
1179.0,-0.2537898967535894
1180.0,-0.1463996939660874
1181.0,-0.05204349967109356
1182.0,-0.11557955913592066
1183.0,0.30139959590726534
1184.0,0.21445446221066194
1185.0,0.20540652120853642
1186.0,0.2680901613205487
1187.0,-0.20231915662358943
1188.0,-0.1590200812917678
1189.0,0.19426101106516475
1190.0,-0.09293860027123962
1191.0,0.42947384474528366
1192.0,-0.017515380708377604
1193.0,-0.20645141501436978
1194.0,0.27119985266600277
1195.0,-0.020326253759868795
1196.0,0.2998015683560732
1197.0,0.07215073627935298
1198.0,0.05229880625202832
1199.0,0.13240733465776783
1200.0,-0.1976605883798461
1201.0,0.3267870656124974
1202.0,0.29517944856840517
1203.0,-0.08234070083713951
1204.0,0.29082019858309993
1205.0,-0.1308148020085172
1206.0,-0.09118405053738482
1207.0,-0.10387093207866532
1208.0,-0.18858001769957
1209.0,0.15614333007215658
1210.0,-0.18962845174717302
1211.0,0.18900588705280097
1212.0,-0.17989568059459957
1213.0,-0.10759117761384163
1214.0,-0.0734567157134341
1215.0,-0.17586547911401967
1216.0,-0.25874149948023595
1217.0,0.012257725327962876
1218.0,-0.08254143723894791
1219.0,0.05338043791110114
1220.0,-0.1545834082845516
1221.0,0.13406549002262647
1222.0,-0.05035341157753931
1223.0,0.1293534801229858
1224.0,-0.16502772786699021
1225.0,-0.010088599660908082
1226.0,-0.0007997550435315803
1227.0,-0.12492881054435467
1228.0,0.036500596022439824
1229.0,0.41460606028577346
1230.0,-0.20496878758328796
1231.0,0.28073527894599454
1232.0,-0.11381556186926028
1233.0,-0.10654579717904938
1234.0,-0.10195625376360551
1235.0,0.13382449213493575
1236.0,-0.06016804506572704
1237.0,-0.1563365132735612
1238.0,-0.05429308623954143
1239.0,-0.07686384042540445
1240.0,0.09401590142736876
1241.0,-0.13975052525138057
1242.0,-0.093826083389417
1243.0,0.312305697466276
1244.0,-0.12499670644319436
1245.0,-0.16597783696485163
1246.0,-0.26385148134116254
1247.0,0.017533406027021914
1248.0,0.24645894054911427
1249.0,0.16896151264896553
1250.0,-0.22801235680298582
1251.0,0.3339166161619374
1252.0,-0.09464641690943676
1253.0,0.19642053700994289
1254.0,0.07536999299918667
1255.0,0.04508587842823858
1256.0,-0.22270820851749445
1257.0,0.597585441417225
1258.0,-0.025479397461849462
1259.0,-0.15849243332291646
1260.0,0.1753702262008271
1261.0,-0.02620903816057868
1262.0,-0.12402867676500676
1263.0,0.6530100222241754
1264.0,-0.007402324636588686
1265.0,0.2866509235602655
1266.0,0.008751100731380523
1267.0,0.025612488192952365
1268.0,0.4886089277106662
1269.0,-0.09688302079566835
1270.0,0.24206797221179
1271.0,0.13641899335944935
1272.0,-0.07740216025804858
1273.0,-0.2263131976050478
1274.0,0.13412063805959618
1275.0,-0.07642203986935536
1276.0,-0.06489639408954556
1277.0,0.1095720663690658
1278.0,-0.14555935681879234
1279.0,0.23570162990664534
1280.0,0.4653250126872821
1281.0,-0.09761823948935355
1282.0,0.13985004636745973
1283.0,0.24703974950527463
1284.0,0.4041345653073183
1285.0,-0.18154199120622327
1286.0,0.09519285073931705
1287.0,0.3618416017490587
1288.0,-0.11235650386876245
1289.0,0.2926061748026961
1290.0,-0.21234366023217383
1291.0,-0.0729496708703497
1292.0,-0.072767297396926
1293.0,-0.01839346000278763
1294.0,-0.13873867181111768
1295.0,0.8280737541955949
1296.0,-0.14943976609866694
1297.0,-0.1888039013473123
1298.0,0.15086100964300353
1299.0,0.2428189769432229
1300.0,0.18690632977685728
1301.0,-0.13053830070871525
1302.0,0.1847874859538105
1303.0,0.31275868307063914
1304.0,0.15297792978852853
1305.0,0.22119696611185252
1306.0,0.4456983719723102
1307.0,-0.1463909437156523
1308.0,0.14539692926156966
1309.0,-0.23854781422064064
1310.0,0.44140663900110483
1311.0,-0.16966362587937764
1312.0,0.07746366062945365
1313.0,0.0613446996830182
1314.0,-0.17850489362437777
1315.0,-0.15554530610255135
1316.0,-0.01787057175276885
1317.0,0.12275566958608802
1318.0,-0.16069901721081642
1319.0,-0.00474463882597248
1320.0,-0.24963626515526066
1321.0,-0.02736039003856605
1322.0,0.35913288933488524
1323.0,-0.11710898769958564
1324.0,-0.08027962079990014
1325.0,-0.06363986312105974
1326.0,-0.1686740446435541
1327.0,-0.1839727058494854
1328.0,0.19581306787338154
1329.0,0.32901611288839544
1330.0,0.14099830123862844
1331.0,0.5698890454759287
1332.0,-0.12970404288201895
1333.0,0.0573574345328654
1334.0,0.3192609598156404
1335.0,-0.18331903401633698
1336.0,0.10163303153929204
1337.0,-0.12727327070657565
1338.0,0.02530638314659811
1339.0,0.014960768786739409
1340.0,0.4888790288070783
1341.0,-0.08375838956002424
1342.0,0.5707423623366753
1343.0,-0.18055889886389176
1344.0,-0.22039808513302864
1345.0,0.1221496938281586
1346.0,-0.21144780447911923
1347.0,-0.23506171961716363
1348.0,-0.12585814388147074
1349.0,-0.058412611499686795
1350.0,0.008987904502836652
1351.0,0.1227880158321476
1352.0,-0.2504586941516029
1353.0,-0.16399602437207048
1354.0,-0.15538719639636778
1355.0,-0.055215778531809534
1356.0,-0.21542551349018163
1357.0,0.5094168667219745
1358.0,-0.12413346691588797
1359.0,-0.1683188485465628
1360.0,-0.07737035948206572
1361.0,-0.1593256993081666
1362.0,0.283196248667315
1363.0,0.6312642325623785
1364.0,-0.09110583834872393
1365.0,0.786679498880483
1366.0,0.4105710864636479
1367.0,-0.10330436895117207
1368.0,-0.25100019694800435
1369.0,0.37801824331953227
1370.0,-0.14335717381583982
1371.0,-0.13339330672282412
1372.0,-0.10830756241107192
1373.0,-0.0927660764967978
1374.0,0.5963521030197954
1375.0,0.05806507467020283
1376.0,0.20419527657379655
1377.0,0.010897120230340396
1378.0,-0.08141278795624773
1379.0,-0.07561634618019852
1380.0,0.20220269915877503
1381.0,0.1458777906141545
1382.0,-0.1288723839754055
1383.0,-0.0738802555496978
1384.0,0.10811178269899274
1385.0,0.1887069552181973
1386.0,-0.05243421938558662
1387.0,0.12530084173563888
1388.0,0.054856092669696044
1389.0,0.2671838107793405
1390.0,0.23507434782536457
1391.0,-0.18394984074377393
1392.0,-0.208135289867346
1393.0,0.6428523492680478
1394.0,-0.026640263284399057
1395.0,0.0737320530903397
1396.0,-0.22140515436822358
1397.0,-0.06369890173746051
1398.0,-0.1615710611157457
1399.0,-0.15484630687458426
1400.0,-0.1261584819842775
1401.0,-0.238564636726667
1402.0,-0.05034087423728867
1403.0,-0.06484317266421319
1404.0,0.19739417433861084
1405.0,-0.23342071054584101
1406.0,0.28897083209127494
1407.0,-0.17797004345559994
1408.0,0.04265461920394986
1409.0,-0.006060016283802538
1410.0,0.061928190154481144
1411.0,-0.2162397138387829
1412.0,-0.06129054582780319
1413.0,-0.08264523739072743
1414.0,0.5284453280524284
1415.0,-0.24332563184629108
1416.0,-0.1264644232380763
1417.0,0.6653884593203085
1418.0,0.4438408750193986
1419.0,0.42047212734420614
1420.0,0.01588322507361889
1421.0,-0.15534022650238663
1422.0,-0.1486063977343001
1423.0,-0.14772561925996414
1424.0,0.0833383352183058
1425.0,0.10917165620236385
1426.0,-0.24103632374370054
1427.0,-0.10838980146584026
1428.0,0.6204482012964508
1429.0,0.5178461444954416
1430.0,-0.16364139313839718
1431.0,0.27591698269520937
1432.0,0.0013537282138398887
1433.0,-0.037245015714435836
1434.0,0.1826994582427201
1435.0,0.07543525313816452
1436.0,-0.08629114627934192
1437.0,-0.1100663090333647
1438.0,-0.1533472862085073
1439.0,-0.24359439753821707
1440.0,0.09753835608035649
1441.0,0.27832929826682173
1442.0,0.28963598459105805
1443.0,0.2503062104864854
1444.0,-0.16107526218921636
1445.0,-0.18268944727227582
1446.0,-0.1717830980208637
1447.0,0.3266359151926398
1448.0,0.16972622681763028
1449.0,0.12948485711065533
1450.0,-0.1413135054115961
1451.0,0.6084114799466271
1452.0,0.2793551736237214
1453.0,-0.20895924825726636
1454.0,0.027042351606359316
1455.0,0.03300927321055935
1456.0,-0.07388653308399362
1457.0,-0.24291286978588247
1458.0,-0.20449934116647325
1459.0,-0.1397043287833499
1460.0,0.3490239470560517
1461.0,0.1109384039135708
1462.0,-0.0133105482645558
1463.0,-0.00897439248815668
1464.0,-0.19968763196492517
1465.0,0.23448937331401815
1466.0,-0.2543323891502363
1467.0,-0.14505728768733742
1468.0,0.11017457399852354
1469.0,0.06920051084037654
1470.0,-0.14073293040072424
1471.0,-0.03537660030164663
1472.0,0.01816930097638314
1473.0,-0.10625463588182521
1474.0,-0.061761117630867224
1475.0,-0.15081064928606508
1476.0,0.0911070747538309
1477.0,0.14941563269554797
1478.0,-0.05712267127318876
1479.0,0.040220934635137096
1480.0,-0.16388867638619228
1481.0,0.06918582762824871
1482.0,-0.22094976225466964
1483.0,0.603369538427916
1484.0,0.11008668680973682
1485.0,-0.11259527077139098
1486.0,0.2580264163710607
1487.0,0.16366097255359724
1488.0,-0.054994641980990744
1489.0,-0.1604645267569067
1490.0,0.3720647316093419
1491.0,-0.05714593770757881
1492.0,0.4704348109406161
1493.0,-0.20779679557728137
1494.0,-0.19130543291040206
1495.0,-0.03784560887112448
1496.0,0.18470614466738405
1497.0,0.37012407131763386
1498.0,0.006711133612168074
1499.0,0.3305939585506923
